id,wage,educ,exper,nearc4,fatheduc,motheduc
3,481,12,9,0,8,8
4,721,12,16,0,14,12
5,250,11,10,1,11,12
6,729,12,16,1,8,7
7,500,12,8,1,9,12
8,565,18,9,1,14,14
9,608,14,9,1,14,14
10,425,12,10,1,12,12
11,515,12,11,1,12,12
12,225,9,13,1,11,12
13,400,12,8,1,11,6
14,417,11,7,1,11,6
15,217,11,13,1,11,6
17,300,14,4,1,15,12
19,346,12,16,1,12,8
22,575,10,10,1,8,8
25,649,12,14,1,8,8
26,944,18,8,1,12,13
30,726,15,11,1,5,14
31,604,12,10,1,14,12
32,693,12,14,1,11,12
35,1400,18,10,1,14,13
36,300,12,8,1,7,12
37,1800,18,8,1,16,16
38,413,12,7,1,11,12
47,208,12,7,1,12,12
53,824,16,2,1,10,10
55,255,11,11,1,6,10
62,962,16,8,1,12,12
63,944,10,15,1,8,6
64,1146,18,10,1,8,11
77,324,6,15,1,2,6
79,235,11,7,1,6,12
80,1000,12,16,1,11,10
82,624,15,11,1,10,12
83,650,11,17,1,8,10
90,380,16,2,1,12,10
91,353,12,6,1,12,11
93,621,17,5,1,10,10
97,440,12,7,1,10,11
98,738,12,8,1,12,10
102,280,11,14,1,5,5
110,425,12,9,1,10,12
112,538,16,8,1,12,12
115,740,16,10,1,12,12
116,673,13,13,1,10,12
119,769,12,16,1,10,10
121,592,12,6,1,10,10
125,213,9,9,1,12,11
127,1563,16,12,1,12,12
129,774,16,6,1,11,11
131,600,12,8,1,8,9
133,693,18,0,1,16,16
135,570,13,12,1,8,12
136,433,14,8,1,12,12
137,538,15,7,1,12,12
138,627,12,7,1,12,9
139,481,8,17,1,12,11
141,545,12,8,1,6,11
142,576,12,7,1,12,9
144,700,16,3,1,14,12
147,788,16,6,1,12,12
148,1012,17,4,1,12,12
149,758,12,6,1,12,10
150,601,14,9,1,12,16
154,250,12,6,1,12,12
156,500,12,8,1,10,12
157,550,11,14,1,8,6
158,1143,12,7,1,8,6
159,810,18,7,1,8,8
168,625,16,3,1,9,10
169,588,14,4,1,16,12
170,375,14,6,1,12,12
173,817,16,7,1,14,11
175,865,14,10,1,15,12
176,350,15,7,1,12,12
177,202,13,5,1,12,12
178,505,13,13,1,16,16
179,816,17,7,1,12,13
181,625,18,2,1,14,12
182,769,18,8,1,16,16
183,500,17,4,1,16,17
188,619,17,4,1,12,8
194,769,18,4,1,10,12
195,512,12,8,1,10,12
196,625,18,7,1,12,13
197,1111,14,11,1,12,12
198,721,13,9,1,12,12
199,1154,14,12,1,13,12
201,827,18,10,1,18,18
204,923,16,12,1,14,12
205,1076,17,5,1,14,17
213,900,14,4,1,8,12
214,682,18,5,1,8,9
217,411,12,6,1,10,12
218,625,13,8,1,12,15
222,1005,18,8,1,12,12
225,725,11,7,1,9,11
226,750,15,6,1,8,11
229,972,17,6,1,8,12
232,472,12,8,1,12,12
233,325,12,6,1,12,12
237,625,13,15,1,9,10
239,337,12,8,1,8,10
240,481,16,5,1,5,5
242,383,16,3,1,5,4
244,962,18,6,1,15,14
245,615,16,7,1,13,12
247,702,14,8,1,12,12
250,200,12,10,1,10,11
252,817,12,9,1,10,10
254,466,17,3,1,12,12
256,793,16,9,1,12,12
257,635,14,8,1,12,12
260,705,16,7,1,12,12
261,635,14,8,1,12,9
264,615,13,15,1,10,12
265,462,16,4,1,15,10
266,865,12,16,1,12,12
267,737,18,9,1,12,12
268,1400,12,7,1,8,14
272,654,16,4,1,11,12
275,577,16,8,1,8,10
279,265,16,2,1,10,12
280,594,18,7,1,8,8
282,325,17,3,1,12,8
283,385,16,2,1,12,8
284,1000,18,1,1,12,12
285,465,18,4,1,8,11
286,440,16,6,1,16,18
287,625,16,5,1,16,17
288,285,17,4,1,11,12
290,650,14,7,1,10,12
291,808,13,6,1,10,12
292,500,12,6,1,10,12
293,831,16,4,1,14,12
295,500,12,13,1,8,6
297,693,17,9,1,12,12
298,1100,12,9,1,12,10
300,763,12,7,1,8,12
302,795,12,9,1,8,9
304,333,16,3,1,7,8
306,409,18,6,1,16,12
308,888,12,13,1,8,12
313,250,18,9,1,16,16
314,625,11,10,1,11,9
315,417,13,12,1,8,12
316,576,13,9,1,8,12
317,613,12,8,1,12,9
318,700,12,13,1,11,9
320,450,12,6,1,11,9
324,250,16,3,1,12,12
325,315,12,6,1,12,12
326,375,12,11,1,9,12
333,1115,16,10,1,8,9
335,289,16,3,1,12,14
339,726,18,8,1,16,12
340,1265,18,5,1,18,12
341,613,17,3,1,18,18
345,545,12,10,1,10,11
346,278,13,9,1,12,8
348,1442,18,10,1,16,12
349,995,16,5,1,16,12
350,700,12,11,1,11,11
352,577,16,6,1,9,12
353,858,16,9,1,6,12
358,633,13,14,1,13,8
359,689,12,14,1,12,12
360,769,14,10,1,8,8
363,385,15,6,1,12,14
364,450,12,6,1,12,14
366,615,12,9,1,10,12
370,800,11,16,1,8,8
372,505,14,14,1,8,8
374,1026,18,6,1,12,16
375,769,15,4,1,16,12
377,290,10,16,1,10,14
379,1154,16,7,1,12,12
381,475,12,8,1,8,12
382,450,12,8,1,12,12
385,300,13,7,1,16,16
387,385,12,12,1,13,12
388,1282,15,11,1,16,16
390,588,16,3,1,12,12
391,600,12,9,1,17,16
396,440,12,15,1,8,8
397,467,18,2,1,13,16
398,929,17,6,1,14,12
399,556,16,5,1,14,12
400,438,13,5,1,14,12
402,600,12,11,1,9,10
403,575,12,8,1,9,10
404,389,12,8,1,9,10
411,471,18,3,1,18,16
412,202,17,3,1,18,16
413,200,17,1,1,18,16
415,350,17,1,1,15,17
416,375,14,4,1,10,12
419,481,16,3,1,12,9
420,962,18,7,1,8,8
421,423,15,6,1,12,12
423,500,15,6,1,11,12
425,476,8,14,1,8,9
426,136,12,6,1,8,9
427,575,12,14,1,10,9
428,577,12,15,1,10,8
429,310,12,13,1,8,9
430,700,9,15,1,12,12
434,551,10,18,1,12,9
435,881,17,7,1,8,8
439,760,12,7,1,7,12
441,708,12,14,1,8,11
442,425,12,8,1,8,8
449,500,12,13,1,8,5
450,531,12,10,1,8,5
453,673,16,6,1,12,12
454,577,16,5,1,12,12
458,325,16,2,1,16,12
461,500,11,12,1,7,11
462,770,12,7,1,7,11
464,500,12,8,1,7,12
467,391,16,6,1,14,12
468,810,12,16,1,12,10
473,593,9,19,1,12,12
474,864,17,2,1,12,12
477,510,12,7,1,12,12
479,615,13,15,1,9,12
481,761,14,9,1,9,8
485,445,16,2,1,12,12
486,425,12,7,1,8,9
487,750,16,2,1,12,12
488,700,16,2,1,12,12
489,438,12,6,1,9,9
490,608,12,11,1,12,12
491,450,13,5,1,7,8
492,313,3,17,1,4,0
494,250,7,20,1,6,5
496,500,14,13,1,12,12
497,365,12,8,0,11,12
499,813,12,8,0,10,12
500,326,12,7,0,10,12
502,815,13,9,0,9,12
504,750,12,10,0,11,12
505,525,17,1,0,9,10
506,1125,12,14,0,8,12
508,625,12,10,0,8,9
509,715,14,5,0,12,12
510,591,12,13,0,8,12
512,404,17,4,0,12,12
514,675,12,10,1,10,12
515,444,12,7,1,10,12
516,488,12,6,1,10,12
517,695,9,19,1,10,6
518,700,12,7,1,10,12
519,325,12,6,1,7,10
520,556,9,10,1,12,11
522,325,12,8,1,8,12
523,668,13,7,1,15,16
524,2404,18,7,1,18,16
525,758,16,3,1,12,14
526,986,16,12,1,12,12
527,577,12,7,1,12,12
529,286,17,6,1,12,12
531,231,14,8,1,18,16
532,513,12,7,1,7,10
533,615,15,7,1,9,10
534,700,15,4,1,9,10
537,714,18,9,1,12,7
539,701,9,15,1,8,8
540,462,12,6,1,7,9
542,868,18,4,1,8,9
544,917,16,7,1,9,10
545,1065,12,9,1,12,12
546,400,12,11,1,12,12
547,640,12,9,1,12,12
548,285,13,5,1,8,8
551,641,17,4,1,12,12
562,1010,12,7,1,12,10
564,817,12,6,1,8,12
565,975,17,4,1,10,9
567,750,12,11,1,6,7
570,463,15,3,1,7,8
575,401,12,9,1,11,9
576,320,10,10,1,11,9
581,514,12,9,1,14,12
582,208,11,8,1,14,12
583,1192,17,4,1,8,6
584,625,14,6,1,7,6
585,481,17,11,1,7,7
588,714,13,8,1,12,12
590,625,11,10,1,1,4
592,579,12,16,1,5,2
593,841,18,4,1,12,16
594,1923,18,9,1,12,12
598,806,16,4,1,13,10
605,962,12,14,1,11,14
612,600,12,14,1,10,10
615,837,18,10,1,12,10
618,1410,16,6,1,10,10
621,600,12,6,1,7,8
626,417,14,5,1,7,12
627,300,12,6,1,7,12
628,865,18,3,1,14,14
629,300,16,3,1,16,13
635,721,12,14,1,9,6
641,738,10,14,1,10,7
644,1058,17,8,1,15,12
647,529,12,14,1,6,8
651,400,10,14,1,6,8
652,962,18,5,1,12,16
653,817,18,3,1,13,16
654,740,13,9,1,14,12
655,721,18,6,1,12,12
658,913,18,0,1,16,16
662,379,17,4,1,8,12
663,350,14,6,1,8,12
667,694,11,16,1,8,8
671,1136,18,10,1,16,16
673,1709,18,6,1,16,16
675,529,12,8,1,12,8
676,673,17,9,1,12,16
677,1010,17,5,1,16,13
679,846,18,4,1,17,12
680,710,11,10,1,12,12
681,820,16,4,1,12,13
682,447,12,6,1,12,13
685,500,15,4,1,9,10
686,1049,16,9,1,12,12
687,1202,18,5,1,16,12
692,648,16,6,1,8,10
695,875,13,11,1,12,12
703,548,17,2,1,12,12
704,600,7,15,1,8,9
705,2244,15,13,1,12,8
706,1442,12,13,1,12,8
709,1262,18,9,1,10,16
710,600,12,6,1,11,9
714,538,16,2,1,12,12
719,813,16,7,1,12,12
727,561,16,4,1,12,15
729,285,18,2,1,18,18
732,437,16,5,1,16,12
733,325,13,6,1,12,12
734,580,16,6,1,10,12
735,588,16,4,1,12,12
742,801,18,5,1,14,12
747,312,14,5,1,8,10
749,250,12,11,1,4,11
750,500,15,6,1,4,11
752,343,13,12,1,11,11
753,250,15,7,1,11,11
754,700,16,2,1,12,10
756,400,12,7,1,8,8
757,555,17,4,1,14,12
758,699,15,7,1,12,12
759,1923,14,4,1,12,12
763,615,16,7,1,12,12
764,745,14,5,1,12,12
765,458,16,2,1,18,14
767,647,18,1,1,16,10
768,745,12,7,1,8,12
770,815,16,3,1,17,12
772,865,16,9,1,13,10
773,542,12,10,1,7,8
774,365,13,8,1,18,12
775,417,10,8,1,18,12
778,851,17,6,1,8,12
779,663,12,7,1,12,9
781,529,16,2,1,12,12
784,889,18,4,1,9,12
786,231,18,2,1,18,12
791,802,12,14,1,10,9
792,533,13,8,1,12,12
798,775,15,4,1,12,14
799,476,14,4,1,12,14
801,1014,16,6,1,10,12
802,641,18,8,1,16,16
803,333,16,2,1,10,10
804,556,11,17,1,8,9
805,528,18,2,1,8,12
807,635,12,8,1,12,12
814,479,12,10,1,16,12
815,817,18,1,1,12,11
816,692,18,5,1,18,12
817,989,16,11,1,12,8
819,1002,18,10,1,16,12
820,1241,18,10,1,12,12
822,571,12,10,1,7,8
824,525,12,13,1,6,11
827,1154,12,10,1,8,12
832,480,12,6,1,5,10
838,1402,14,13,1,10,10
841,710,12,15,1,12,8
845,635,14,4,1,10,12
846,388,13,7,1,11,12
847,688,12,8,1,8,10
851,1044,15,13,1,12,8
864,577,13,7,1,12,11
865,525,13,6,1,12,11
867,385,17,5,1,12,12
871,625,16,6,1,11,11
872,475,13,7,1,10,12
875,659,14,5,1,12,12
876,425,16,2,1,12,12
878,524,14,5,1,10,11
879,625,12,8,0,10,10
880,1010,16,9,0,9,12
881,601,12,8,0,9,12
883,426,12,10,0,7,7
885,1060,12,12,0,5,11
886,414,12,8,0,5,11
889,275,12,10,0,12,7
891,291,12,7,0,8,12
893,488,14,6,0,12,12
894,337,14,4,0,12,12
895,725,12,9,0,12,12
897,440,13,6,0,12,12
899,641,16,5,0,8,8
900,375,12,10,0,8,11
902,925,14,9,0,10,8
904,514,12,8,0,12,12
905,1065,12,15,0,10,10
909,739,12,14,0,9,9
910,493,12,8,0,12,8
911,650,10,8,0,12,9
912,308,7,18,0,5,8
913,629,16,8,0,11,9
914,409,13,9,0,8,12
916,745,12,10,0,11,12
919,549,12,11,0,12,12
920,326,15,3,0,12,12
924,875,12,8,1,12,12
925,639,12,7,1,12,12
927,667,11,16,1,7,7
928,504,14,9,1,12,12
929,313,17,2,1,12,12
932,1000,10,17,1,8,9
935,785,12,9,1,8,8
936,546,12,16,1,8,12
938,828,12,7,1,8,8
939,159,12,7,1,10,10
940,700,10,11,1,10,6
941,721,13,9,1,10,12
942,304,12,6,1,10,12
944,553,16,3,1,12,16
945,542,14,6,1,7,6
947,509,16,2,1,12,12
948,385,16,2,1,12,12
949,1442,12,14,0,10,8
951,879,16,10,0,14,14
953,1000,13,5,0,16,14
954,863,12,10,0,12,9
956,740,12,9,0,11,12
958,458,15,8,0,9,10
965,744,14,13,1,8,12
967,889,16,10,1,12,11
969,692,18,8,1,12,12
971,604,18,9,1,12,12
973,746,14,13,1,8,12
974,726,18,9,1,8,16
975,560,12,12,1,8,10
976,424,12,8,1,12,10
978,250,14,6,1,12,12
979,646,13,7,1,8,12
980,598,12,6,1,12,12
981,1000,12,9,1,8,8
983,528,12,10,1,12,13
984,481,12,8,1,12,13
985,850,12,15,1,6,12
987,512,12,11,1,8,8
990,240,12,13,1,11,12
991,557,12,10,1,11,12
996,500,15,6,1,12,12
998,350,10,9,1,8,8
999,584,12,8,1,8,8
1004,515,13,7,1,10,12
1008,280,16,3,0,12,12
1011,635,17,4,0,12,13
1012,342,13,7,0,12,13
1013,505,16,4,0,12,12
1014,356,13,5,0,12,12
1020,740,13,10,0,16,16
1021,342,12,16,0,8,12
1023,276,15,8,0,8,12
1024,427,9,9,0,10,12
1028,350,12,11,0,4,8
1031,750,15,10,0,10,12
1033,692,16,11,0,12,9
1034,147,12,16,0,12,14
1036,280,12,8,1,12,10
1038,1010,13,13,1,7,12
1040,517,14,6,1,16,14
1041,400,16,4,1,16,14
1046,375,12,7,1,12,10
1047,596,12,13,1,12,10
1052,481,18,2,1,18,14
1053,500,12,10,1,11,11
1058,769,16,7,1,14,12
1059,721,16,4,1,14,12
1062,625,14,10,1,12,12
1063,817,16,4,1,12,11
1068,411,14,4,1,12,12
1077,924,16,12,1,10,10
1078,240,15,5,1,18,16
1079,625,13,6,1,12,12
1080,1025,8,10,1,7,10
1081,503,12,10,1,9,11
1089,462,16,6,1,8,8
1090,476,16,3,1,9,11
1091,500,15,5,1,8,13
1097,707,15,13,1,12,12
1100,365,15,6,1,18,12
1104,462,18,1,1,14,12
1105,1026,18,9,1,8,12
1107,525,12,6,1,12,12
1110,375,18,5,1,16,16
1111,1538,18,10,1,18,16
1112,923,18,9,1,18,14
1113,568,13,7,1,8,12
1114,600,14,5,1,8,12
1115,721,15,6,1,17,12
1116,1116,17,1,1,18,12
1124,925,11,10,1,8,12
1129,833,7,19,1,8,11
1130,1200,12,12,1,7,12
1131,581,14,13,1,6,8
1132,686,17,11,1,12,8
1133,1000,18,8,1,12,8
1134,537,13,5,1,9,8
1139,500,12,10,1,12,16
1141,750,13,14,1,3,12
1142,913,17,6,1,8,16
1144,600,15,3,1,8,16
1145,577,16,2,1,12,12
1146,601,12,8,1,8,12
1147,577,12,13,1,6,12
1150,473,18,3,1,9,10
1152,350,14,4,1,8,12
1153,620,15,11,1,9,12
1154,378,16,2,1,12,12
1155,243,16,3,1,16,13
1156,750,12,8,1,7,12
1158,441,18,6,1,12,14
1159,688,14,9,1,12,14
1160,501,18,1,1,12,14
1161,400,12,11,1,12,12
1162,981,12,8,1,12,12
1163,649,14,10,1,12,12
1169,707,16,6,1,12,11
1172,1043,12,11,1,11,12
1173,761,12,9,1,8,8
1177,524,13,6,1,14,12
1179,575,13,8,1,6,6
1183,713,12,10,1,12,8
1184,673,16,5,1,7,8
1185,662,12,7,1,7,8
1186,543,14,9,1,11,8
1187,525,13,6,1,12,12
1192,500,12,16,1,8,9
1202,620,13,6,1,5,7
1205,240,10,10,1,5,8
1206,240,10,9,1,5,8
1213,250,12,6,1,3,2
1230,667,14,5,1,8,8
1231,692,17,11,1,8,12
1233,465,12,7,1,6,12
1243,833,12,9,1,12,12
1244,308,12,8,1,12,12
1245,625,16,7,1,12,12
1246,1442,16,10,1,13,16
1248,673,16,3,1,12,12
1250,1346,17,5,1,14,14
1251,400,17,10,1,12,10
1253,456,14,6,1,16,16
1255,409,17,10,1,12,12
1256,559,18,10,1,5,9
1258,230,12,6,1,10,9
1260,1026,17,4,1,18,18
1262,1082,12,9,1,13,13
1263,1202,14,4,1,13,13
1266,481,18,3,1,14,14
1268,1683,17,8,1,12,12
1269,1282,16,12,1,12,12
1272,577,12,6,1,12,14
1273,444,18,3,1,9,9
1277,467,12,6,1,16,12
1279,668,6,19,1,3,3
1283,286,15,6,1,12,12
1284,577,18,9,1,12,12
1285,721,14,9,1,12,12
1286,462,12,7,1,6,8
1287,750,15,4,1,12,10
1288,200,12,6,1,6,12
1293,650,12,9,1,12,10
1295,481,18,4,1,12,11
1305,769,16,6,1,16,16
1306,775,17,4,1,16,16
1307,641,16,2,1,16,16
1310,1055,14,13,1,14,10
1311,676,16,9,1,14,12
1313,962,17,7,1,14,12
1314,400,13,9,1,14,12
1315,673,16,5,1,14,12
1323,1442,18,10,1,10,11
1334,529,18,8,1,16,10
1336,700,14,7,1,9,11
1338,494,18,1,1,8,10
1340,500,12,6,1,12,8
1353,717,13,9,1,9,12
1354,575,12,11,1,9,10
1355,350,12,7,1,9,10
1356,350,12,6,1,9,10
1358,643,16,7,1,12,12
1359,675,15,3,1,10,12
1360,679,15,7,1,12,12
1361,534,12,9,1,12,9
1362,524,16,9,1,12,10
1363,667,16,6,1,10,10
1365,658,15,5,1,12,12
1374,311,18,3,1,9,12
1377,660,14,11,1,10,12
1379,692,16,9,1,8,9
1389,705,17,3,1,9,12
1391,292,16,5,1,5,8
1392,750,13,7,1,8,11
1395,1442,16,12,1,12,12
1396,1202,16,11,1,16,16
1407,513,16,9,1,14,16
1409,962,17,11,1,8,8
1411,675,12,7,1,16,16
1413,398,13,5,1,8,8
1416,855,14,13,1,12,12
1422,641,11,7,1,8,9
1423,345,13,8,1,10,8
1425,684,12,6,1,9,11
1428,469,16,7,1,16,16
1430,300,16,4,1,12,12
1431,673,18,1,1,12,9
1432,385,16,2,1,12,9
1436,808,16,11,1,8,6
1438,548,17,1,1,12,12
1439,500,16,4,1,12,12
1440,727,13,10,1,11,12
1441,524,16,6,1,11,12
1445,450,15,3,1,2,8
1448,755,12,10,1,6,8
1454,313,12,6,1,10,12
1458,1425,12,11,1,12,12
1459,761,12,10,1,11,5
1460,600,12,8,1,11,5
1461,1111,16,10,1,12,15
1462,763,16,11,1,13,17
1463,650,12,14,1,8,8
1464,1155,14,7,1,16,16
1465,600,12,6,1,9,12
1467,555,12,11,1,11,11
1468,543,11,11,1,11,11
1469,550,11,8,1,11,11
1472,1000,11,9,1,10,11
1474,864,12,13,1,13,11
1476,519,16,2,1,12,12
1485,818,13,7,1,10,10
1486,300,10,9,1,10,12
1490,702,16,8,1,9,9
1498,600,10,17,1,8,11
1499,1034,18,8,1,16,12
1502,1079,14,5,1,12,12
1503,400,18,0,1,12,12
1504,641,16,11,1,13,12
1508,481,17,7,1,12,11
1510,1058,16,11,1,8,8
1511,545,12,8,1,8,12
1512,786,14,6,1,12,12
1513,485,18,1,1,12,12
1514,722,14,14,1,11,11
1515,695,15,7,1,12,12
1516,549,15,13,1,12,12
1517,793,15,11,1,15,12
1518,1923,16,11,1,18,16
1520,793,15,12,1,12,12
1523,654,14,12,1,8,8
1526,513,12,9,1,12,12
1529,500,16,5,1,16,16
1530,601,15,4,1,12,11
1531,438,12,9,1,12,12
1532,500,12,7,1,12,12
1536,747,14,6,1,12,14
1537,513,14,7,1,12,12
1541,672,16,7,1,14,12
1543,220,13,10,1,12,12
1544,1202,18,9,1,12,12
1545,667,12,12,1,12,12
1551,444,15,4,1,12,12
1554,543,12,7,1,10,12
1555,505,14,10,1,12,12
1557,357,9,9,1,10,8
1558,500,12,9,1,12,8
1560,350,11,11,1,6,5
1561,313,15,3,1,6,5
1562,117,16,2,1,17,13
1563,726,12,15,1,10,8
1565,532,13,7,1,12,12
1569,1094,16,12,1,15,13
1571,850,18,8,1,10,12
1574,365,12,6,1,11,11
1575,474,16,4,1,12,8
1576,656,13,7,1,11,10
1577,440,12,7,1,11,10
1578,462,14,5,1,10,11
1580,1150,12,6,0,12,12
1587,702,13,7,0,6,8
1588,524,12,7,0,6,8
1594,641,18,2,1,12,12
1595,800,12,6,1,12,12
1599,423,18,8,1,12,12
1604,1101,16,7,0,12,14
1605,649,16,4,0,12,14
1606,450,12,8,0,8,8
1610,556,16,6,0,12,13
1611,375,17,2,0,12,13
1612,673,15,7,0,12,12
1613,308,13,11,0,8,8
1614,585,12,16,0,12,12
1615,781,12,6,0,12,13
1621,423,12,10,1,8,5
1624,1282,16,6,1,12,12
1627,962,12,7,1,11,12
1628,800,12,12,1,4,16
1630,750,12,15,1,12,12
1631,647,18,5,1,12,12
1632,938,12,11,1,10,12
1633,537,17,5,1,17,12
1637,290,15,3,1,13,16
1638,192,12,11,1,6,8
1641,727,12,11,1,10,12
1643,1125,12,6,1,10,12
1647,705,11,9,1,8,9
1648,337,15,6,1,11,12
1649,833,17,5,1,11,12
1650,192,17,3,1,11,12
1653,730,12,8,1,12,12
1654,542,10,10,1,9,11
1655,823,12,10,1,11,11
1656,438,12,8,1,11,11
1657,735,14,4,1,11,11
1658,427,16,2,1,14,12
1660,340,12,12,1,11,12
1665,481,13,15,1,14,11
1666,817,16,10,1,10,12
1667,500,12,10,1,12,12
1677,275,8,12,1,3,6
1678,352,15,3,1,8,10
1681,721,12,11,1,8,10
1682,1008,12,9,1,3,8
1684,654,17,6,1,8,12
1686,570,12,9,1,8,12
1688,600,16,3,1,12,12
1692,450,13,7,1,14,10
1696,590,15,8,1,12,11
1697,721,14,5,1,8,12
1698,693,12,14,1,8,8
1699,529,13,7,1,8,8
1700,470,9,15,1,8,8
1701,481,16,4,1,16,13
1702,462,16,3,1,16,13
1703,554,17,10,1,6,9
1704,865,14,12,1,12,12
1708,677,12,16,1,11,12
1710,797,16,7,1,12,12
1711,769,13,5,1,13,17
1713,462,16,3,1,12,16
1714,519,14,4,1,12,12
1716,800,13,13,1,9,7
1717,673,17,4,0,14,12
1719,911,12,14,0,8,12
1720,481,12,7,0,8,8
1721,500,11,16,0,8,8
1724,385,16,2,0,12,12
1725,436,12,6,0,12,11
1729,526,12,7,0,7,8
1730,913,14,9,0,12,8
1731,542,16,3,0,12,15
1732,769,13,9,0,4,16
1735,226,12,6,0,8,8
1736,711,18,3,0,12,12
1740,346,18,10,0,8,8
1741,787,12,14,0,8,8
1742,455,14,6,0,10,12
1743,460,16,2,0,10,12
1745,808,17,11,0,8,12
1746,624,14,7,0,12,14
1747,697,12,8,0,8,12
1748,378,14,6,0,8,12
1750,473,12,6,0,8,12
1751,425,12,6,0,8,12
1753,649,16,2,0,8,12
1755,491,15,4,0,12,15
1756,924,18,2,0,12,16
1758,350,12,6,0,12,10
1759,600,13,6,0,13,12
1762,429,9,16,0,3,7
1765,500,12,8,0,2,7
1766,500,9,9,0,2,7
1767,350,8,20,0,8,8
1768,370,14,7,0,8,10
1771,380,16,2,0,8,12
1772,250,14,5,0,9,12
1774,506,18,6,0,6,8
1776,619,12,9,0,12,13
1777,381,16,2,0,12,13
1784,484,12,14,0,8,12
1785,835,11,17,0,6,9
1786,535,10,13,0,8,12
1790,450,11,8,1,8,8
1791,491,16,6,1,12,8
1794,831,18,8,1,8,12
1795,434,12,12,1,8,8
1796,700,12,8,1,8,8
1797,542,10,10,1,8,8
1799,231,16,2,1,12,13
1802,395,12,16,0,12,9
1804,1187,12,7,0,8,15
1809,501,12,7,0,8,10
1810,336,16,2,1,16,13
1812,565,12,14,1,8,8
1814,964,17,11,0,6,12
1816,1374,12,15,0,12,12
1817,800,12,10,0,12,12
1819,609,12,12,0,7,11
1821,670,16,3,0,12,12
1822,445,11,8,0,8,7
1826,485,13,6,0,10,12
1830,710,18,8,0,12,16
1832,480,11,8,0,10,8
1834,500,13,8,0,12,12
1835,457,16,4,0,12,12
1838,721,18,0,1,18,12
1843,330,12,15,1,8,12
1844,410,12,9,1,8,11
1845,486,12,9,1,8,8
1847,962,18,7,1,9,13
1849,359,16,2,1,12,12
1853,330,12,6,0,9,12
1857,495,12,8,0,5,8
1858,653,12,11,0,12,12
1859,722,12,9,0,15,12
1860,704,12,7,0,15,12
1861,514,9,14,0,1,3
1863,625,12,13,0,14,12
1864,622,18,5,0,12,15
1865,427,15,5,0,12,15
1867,653,12,11,0,12,12
1868,643,12,12,0,12,12
1869,575,12,16,0,12,12
1873,555,13,13,0,8,13
1875,300,18,0,0,12,12
1878,642,15,7,0,12,16
1880,667,14,8,0,12,8
1882,1320,18,4,0,15,13
1883,504,12,6,0,9,9
1884,781,16,3,0,12,12
1886,817,14,5,0,12,12
1889,520,12,10,0,12,6
1890,577,12,9,0,12,6
1891,375,11,8,0,12,6
1892,500,12,6,0,12,8
1893,625,16,6,0,12,12
1895,470,14,6,0,12,12
1896,628,13,8,0,12,12
1897,525,13,5,0,12,8
1899,554,12,14,0,8,8
1901,641,16,3,1,12,12
1903,513,13,15,1,8,12
1904,604,12,9,1,12,12
1905,700,13,14,1,8,15
1906,606,12,15,1,8,12
1911,714,12,13,1,16,12
1912,500,12,10,1,8,8
1913,583,12,10,1,14,8
1914,706,12,13,1,5,8
1917,520,16,8,1,11,12
1920,684,16,6,1,16,14
1922,276,13,6,1,11,11
1926,788,12,16,1,8,11
1927,1319,18,7,1,18,12
1928,404,14,8,1,9,8
1929,300,16,3,1,12,12
1930,673,12,8,1,12,12
1935,769,16,4,1,8,2
1938,760,16,8,1,6,12
1939,434,18,6,1,11,12
1940,1192,13,15,1,12,8
1944,370,12,6,1,12,12
1945,475,12,12,1,12,12
1946,435,12,10,1,12,12
1947,332,12,8,1,8,12
1948,640,16,9,1,12,12
1952,625,16,7,1,10,12
1957,817,17,4,1,16,16
1961,641,14,5,1,15,12
1962,225,15,4,1,15,12
1967,722,16,4,1,12,12
1969,817,16,7,1,16,16
1970,664,16,5,1,16,13
1971,897,18,4,1,12,12
1975,539,15,10,1,10,12
1976,897,11,10,1,10,12
1979,721,15,9,1,13,12
1980,925,13,5,1,12,12
1982,508,12,10,1,8,10
1983,929,16,10,1,8,10
1989,520,16,2,1,12,12
1991,417,12,6,1,10,8
1992,266,15,5,1,10,10
1993,625,15,3,1,16,14
1999,766,16,3,1,16,12
2001,801,9,14,1,10,12
2002,707,15,7,1,10,12
2005,417,16,4,1,9,12
2008,600,18,5,1,8,12
2010,918,18,7,1,12,9
2015,1167,12,10,1,10,12
2016,765,11,12,1,10,10
2017,962,12,8,1,10,10
2018,300,18,3,1,12,12
2019,658,16,2,1,12,12
2020,462,12,8,1,8,8
2021,721,12,6,1,8,8
2024,865,12,7,1,8,12
2026,596,11,7,1,7,5
2029,909,12,14,1,8,10
2030,1049,12,11,1,8,10
2039,600,7,20,1,8,8
2040,925,12,10,1,8,8
2041,750,12,10,1,6,6
2042,563,12,10,1,6,6
2046,625,14,6,1,12,10
2049,1380,12,9,1,8,12
2050,470,14,5,1,12,12
2052,788,12,10,1,12,12
2054,230,16,3,1,8,12
2057,389,10,11,0,12,12
2058,315,12,15,0,7,12
2059,355,17,6,0,3,5
2060,500,8,12,0,5,8
2062,650,11,16,0,8,11
2063,815,12,9,0,8,11
2064,649,13,7,0,13,12
2066,600,11,10,0,10,15
2070,206,13,7,0,16,14
2072,481,12,9,0,12,11
2073,485,13,5,0,12,10
2074,759,18,5,0,12,12
2075,995,12,8,0,12,12
2078,314,16,3,1,12,12
2080,915,13,6,1,14,12
2082,664,13,7,1,16,12
2084,650,13,13,1,8,12
2087,267,9,12,1,12,6
2088,355,8,19,1,8,8
2090,475,11,13,1,6,12
2091,726,11,15,1,5,10
2092,721,16,6,1,17,12
2095,600,12,8,1,12,13
2097,692,15,4,1,13,12
2098,423,15,7,1,10,11
2100,1202,12,13,1,8,12
2102,635,18,3,1,11,10
2113,370,16,2,1,12,10
2114,789,16,4,1,11,10
2115,450,17,1,1,11,10
2116,1251,12,10,1,11,12
2117,808,16,8,1,16,13
2121,308,16,8,1,8,12
2123,817,12,12,1,12,12
2126,673,16,8,1,6,6
2128,275,15,9,1,8,9
2131,423,17,5,1,14,12
2132,641,16,6,1,10,8
2133,450,12,10,1,9,9
2134,333,12,8,1,6,7
2135,913,12,14,1,8,12
2140,128,11,10,1,8,9
2143,396,16,5,1,14,12
2144,475,13,9,1,12,12
2146,450,13,12,1,8,12
2147,300,16,2,1,12,12
2148,462,18,5,1,8,12
2150,630,12,14,1,7,9
2151,485,12,15,1,6,4
2155,549,12,12,1,5,6
2156,372,12,7,1,5,6
2157,641,12,16,1,4,8
2160,385,9,11,1,5,11
2161,450,16,7,1,12,8
2163,315,12,8,0,10,12
2165,731,14,9,0,11,12
2166,325,12,14,0,6,12
2167,616,16,6,0,12,12
2169,346,15,9,0,10,10
2170,471,13,9,0,8,13
2172,300,12,9,0,7,8
2174,430,13,5,1,15,10
2175,267,12,10,1,12,8
2176,230,12,10,1,13,10
2178,531,12,8,1,12,12
2179,1100,12,9,1,12,11
2180,588,12,10,1,8,12
2185,962,14,14,1,12,12
2186,921,13,14,1,11,12
2188,385,16,2,0,12,12
2189,618,16,11,0,4,12
2195,400,12,7,0,12,10
2199,700,11,16,0,9,8
2202,311,15,6,0,12,12
2203,243,14,4,0,12,12
2208,248,12,14,0,5,7
2209,423,11,13,0,8,8
2211,600,11,16,0,8,8
2212,700,17,2,0,8,4
2213,300,12,6,0,10,12
2215,691,12,6,0,11,12
2216,600,12,12,0,7,9
2219,275,14,5,0,12,12
2223,675,9,19,0,4,7
2224,449,17,5,0,12,12
2225,635,16,8,0,12,12
2226,1250,14,9,0,10,9
2227,962,18,5,0,8,18
2228,490,18,1,0,10,13
2230,586,12,6,0,10,13
2232,326,18,2,0,12,12
2233,430,18,5,0,17,12
2234,571,12,8,0,12,11
2235,913,16,6,0,9,12
2236,577,14,10,0,4,10
2238,505,12,6,0,9,8
2240,962,16,11,1,14,8
2241,609,12,13,1,13,14
2244,450,12,7,1,12,12
2245,625,12,15,0,10,12
2246,713,14,6,0,10,12
2247,710,12,6,0,8,10
2250,913,16,10,0,10,11
2251,418,8,10,0,8,8
2254,692,13,10,0,16,13
2256,650,13,7,0,16,12
2257,610,14,5,0,16,12
2260,726,12,11,0,10,14
2261,767,13,13,0,11,8
2264,620,12,9,0,11,12
2267,516,18,2,0,12,14
2269,400,12,7,0,11,10
2270,808,14,7,0,13,13
2271,460,12,6,0,7,7
2272,642,17,9,0,18,12
2273,519,12,10,0,8,8
2275,568,12,6,0,10,12
2276,693,16,2,0,10,12
2278,978,12,13,0,8,12
2279,779,12,14,0,12,8
2280,443,14,7,0,8,9
2283,692,16,11,0,9,12
2284,417,16,4,0,12,12
2286,773,11,13,0,8,12
2294,700,16,9,0,12,8
2296,485,16,2,0,8,12
2299,894,16,7,0,8,9
2303,568,12,8,0,10,12
2304,987,16,3,0,8,12
2305,769,16,2,0,8,12
2306,648,12,9,0,8,12
2307,449,16,8,0,12,14
2309,580,12,9,0,10,12
2310,550,8,19,0,7,10
2314,800,12,11,0,9,12
2315,160,12,6,0,12,12
2317,462,17,5,0,16,17
2318,425,14,5,0,12,12
2319,600,8,18,0,8,12
2322,866,17,3,0,12,12
2324,1115,12,9,0,12,11
2325,1100,12,8,0,12,11
2326,286,12,6,0,12,11
2327,513,14,8,0,12,12
2328,650,13,7,0,12,12
2329,1039,12,13,0,12,9
2330,700,12,8,0,12,9
2333,315,18,7,1,12,12
2336,310,12,15,1,7,8
2340,709,16,6,1,12,12
2342,623,12,7,1,8,12
2343,298,13,9,1,8,12
2345,625,14,4,1,10,12
2347,769,16,7,1,8,12
2348,459,16,6,1,8,8
2352,470,14,9,1,12,11
2353,396,12,15,1,8,8
2354,594,14,5,1,12,12
2356,1039,16,6,1,18,15
2358,400,12,16,1,8,8
2360,698,12,8,1,11,12
2362,713,16,4,1,8,13
2363,550,12,6,1,8,11
2366,333,14,7,1,8,14
2368,1058,12,11,1,12,12
2372,788,14,8,1,12,12
2375,832,18,7,1,13,12
2377,539,12,8,1,6,12
2379,577,18,4,1,8,12
2381,808,14,10,1,12,12
2382,722,14,10,1,14,16
2383,600,12,8,1,12,12
2387,452,10,12,1,8,6
2388,300,7,14,1,4,8
2399,673,16,4,1,12,12
2402,989,14,10,1,12,14
2404,880,17,4,1,12,14
2406,905,13,7,1,12,12
2409,520,10,12,1,5,12
2410,356,12,9,1,5,12
2411,278,12,6,1,5,12
2412,400,12,7,1,11,11
2417,500,11,14,1,7,12
2418,603,11,16,1,6,12
2419,400,12,7,1,9,11
2427,337,14,6,1,12,12
2429,538,11,10,1,16,12
2432,757,16,5,1,17,16
2433,554,16,11,1,18,16
2435,577,16,7,1,12,11
2436,432,15,5,1,12,10
2438,550,11,12,1,5,12
2439,797,16,2,1,16,12
2440,450,14,7,1,16,14
2441,807,13,10,1,10,11
2442,600,13,5,1,10,11
2444,933,13,15,1,6,6
2446,623,12,11,1,9,8
2450,328,10,11,1,4,11
2451,600,16,4,1,6,8
2457,693,14,7,1,5,8
2460,923,15,12,1,12,12
2461,721,12,10,1,12,12
2462,540,12,7,1,12,9
2463,459,13,8,1,12,9
2464,485,13,8,1,11,11
2468,200,16,3,1,18,16
2473,250,12,7,1,6,12
2477,363,12,10,1,9,8
2486,687,12,8,1,6,6
2489,325,13,5,1,10,12
2492,725,17,4,1,16,12
2493,780,12,7,1,3,8
2500,450,12,14,1,6,9
2501,346,14,7,1,8,8
2502,350,13,5,1,6,3
2503,400,13,5,1,10,13
2504,980,12,14,1,2,6
2509,563,16,3,1,7,9
2510,463,7,16,1,12,12
2512,638,12,9,1,5,9
2516,373,17,2,1,11,9
2519,300,8,15,1,6,7
2522,558,18,3,1,12,8
2524,330,15,5,1,5,7
2526,375,9,11,1,13,11
2527,615,13,5,1,13,11
2528,721,14,7,1,12,12
2529,529,16,3,1,12,12
2531,859,12,16,1,6,12
2532,649,14,7,1,16,11
2533,238,10,8,1,16,11
2534,275,12,16,1,8,6
2540,365,14,4,1,12,15
2542,800,8,19,1,6,4
2543,482,12,16,1,5,12
2544,955,17,6,1,12,8
2545,462,17,3,1,7,12
2546,417,16,6,1,2,8
2548,290,10,9,1,2,8
2549,240,12,6,1,12,12
2558,361,12,14,1,12,12
2561,598,16,6,1,11,12
2562,750,13,6,1,7,10
2563,385,16,3,1,12,11
2570,641,13,15,1,14,12
2575,468,16,4,1,12,9
2576,385,13,5,1,12,9
2578,462,12,7,1,11,12
2579,635,12,9,1,14,10
2580,400,12,8,1,14,10
2581,760,13,8,1,12,10
2583,560,13,8,1,12,10
2587,425,11,11,1,6,6
2593,375,18,8,1,14,12
2594,1298,18,4,1,16,12
2595,476,15,9,1,8,14
2596,775,16,5,1,8,8
2597,714,12,9,1,10,10
2602,435,13,5,1,10,11
2607,462,15,3,1,12,7
2611,515,12,9,1,7,12
2612,1053,12,7,1,7,12
2613,475,12,12,1,10,11
2618,1502,18,8,1,14,9
2619,962,15,12,1,12,14
2620,230,15,9,1,14,18
2621,750,18,5,1,14,18
2622,225,15,5,1,12,12
2629,450,12,7,1,8,12
2633,865,13,6,1,9,7
2634,535,8,10,1,9,10
2636,846,16,5,1,12,8
2637,759,16,4,1,12,8
2638,600,16,2,1,12,8
2642,876,14,12,1,10,8
2646,533,16,3,1,14,14
2649,481,12,7,1,10,8
2657,657,12,9,1,12,12
2665,500,10,12,1,8,7
2666,535,12,8,1,8,7
2670,505,12,13,1,12,12
2671,750,12,12,1,12,12
2672,721,12,14,1,11,8
2673,674,18,8,1,12,12
2674,913,16,11,1,17,12
2675,879,17,7,1,18,18
2677,427,12,8,1,8,13
2678,792,8,10,1,12,12
2679,327,14,9,1,10,10
2683,786,16,12,1,14,12
2686,337,18,7,1,14,12
2689,529,16,5,1,8,8
2691,984,12,9,1,7,7
2692,817,12,16,1,3,8
2695,745,14,12,1,7,8
2697,345,10,8,1,4,0
2707,263,13,5,1,6,12
2708,745,18,8,1,16,16
2710,673,17,6,1,13,13
2712,721,17,9,1,14,13
2728,400,13,10,0,8,10
2729,577,16,7,0,16,16
2730,813,16,3,0,18,18
2731,625,12,16,0,12,11
2732,485,14,6,0,12,11
2733,841,16,6,0,10,12
2734,865,16,5,0,10,12
2735,325,16,4,0,14,12
2736,477,14,6,0,9,10
2737,250,16,3,0,9,10
2739,500,12,6,0,10,9
2740,515,13,6,0,8,10
2743,796,18,6,0,17,13
2744,750,12,7,0,10,12
2745,419,12,6,0,10,11
2749,220,12,13,0,10,11
2750,685,13,10,0,9,9
2751,500,15,13,0,14,12
2754,551,16,4,0,10,12
2755,700,11,8,0,12,12
2757,707,12,14,1,8,8
2761,523,17,5,1,18,14
2762,433,12,6,1,0,3
2763,462,14,5,1,5,4
2764,397,12,6,1,5,4
2765,400,15,5,1,9,5
2768,872,18,4,1,14,8
2769,378,12,8,1,7,10
2770,364,12,9,1,5,8
2772,962,15,10,1,12,10
2776,801,15,9,1,12,15
2780,400,5,21,1,0,4
2785,450,10,14,1,9,9
2790,360,12,8,1,4,9
2791,529,12,9,1,12,12
2799,1202,16,11,1,8,6
2813,649,12,12,1,10,9
2815,420,16,9,1,11,8
2816,455,16,5,1,11,8
2818,661,12,7,1,9,6
2819,380,12,6,1,12,8
2822,625,12,10,1,12,12
2825,499,13,8,1,7,12
2827,693,8,17,0,8,10
2828,535,18,8,1,15,15
2831,465,7,13,1,1,8
2833,368,18,3,1,17,16
2835,700,8,11,1,4,5
2839,962,16,9,1,16,12
2841,475,9,18,1,7,3
2843,200,12,6,1,7,3
2852,577,16,9,1,12,12
2853,457,12,6,1,6,12
2855,577,11,15,1,2,11
2857,289,15,3,1,17,16
2859,224,12,7,1,15,9
2860,363,10,8,1,15,9
2862,234,9,11,1,2,9
2869,427,15,10,1,12,12
2871,678,12,15,1,8,9
2872,313,13,8,1,18,16
2873,601,18,4,1,7,12
2874,500,10,17,1,6,12
2875,375,12,10,1,6,12
2877,550,12,16,1,2,6
2885,519,12,8,1,9,12
2886,359,14,4,1,9,12
2889,293,12,13,1,6,5
2891,270,6,22,1,6,6
2892,385,14,8,1,16,13
2903,596,16,8,1,16,12
2905,600,12,10,1,3,8
2909,531,12,13,1,6,10
2910,591,12,8,1,6,10
2913,1374,16,9,1,12,12
2916,325,17,1,1,17,12
2917,577,14,5,1,6,12
2921,444,16,3,1,16,14
2922,560,13,8,1,12,12
2925,962,13,13,1,8,8
2927,1269,17,10,1,16,16
2928,500,16,6,1,16,16
2929,583,16,8,1,16,16
2930,112,17,2,1,16,16
2931,673,14,13,1,13,12
2932,1923,17,6,1,14,12
2936,400,14,4,1,12,12
2937,460,12,7,1,12,12
2943,315,16,5,1,12,12
2945,641,14,6,1,8,10
2946,750,12,7,1,8,10
2948,308,17,2,1,18,18
2950,350,17,6,1,18,16
2951,462,18,3,1,18,16
2953,1154,15,13,1,12,12
2954,1748,16,12,1,12,12
2956,769,17,10,1,15,12
2957,730,15,8,1,12,11
2961,736,18,6,1,13,17
2962,500,16,3,1,14,13
2963,365,16,2,1,12,12
2965,333,13,5,1,3,3
2966,721,12,15,1,4,8
2967,375,12,9,1,3,3
2968,250,12,8,1,9,5
2971,361,17,7,1,4,8
2978,522,16,5,0,8,11
2979,706,12,15,0,11,11
2981,409,16,4,0,10,11
2982,416,12,6,0,7,12
2986,577,16,5,0,12,16
2987,478,16,2,0,16,12
2988,625,17,4,0,13,16
2989,505,17,1,0,12,16
2990,287,12,14,0,1,8
2991,500,12,6,0,6,8
2992,500,8,13,0,7,8
2993,350,12,9,0,7,12
2996,462,13,5,0,12,11
2998,548,13,11,0,6,1
2999,255,12,10,0,6,3
3001,524,13,5,0,4,1
3002,292,12,15,0,5,9
3004,375,14,8,0,7,7
3008,529,18,8,0,7,11
3012,909,16,3,0,10,12
3018,1155,14,8,0,12,12
3022,781,13,9,0,12,12
3023,416,13,12,0,16,12
3029,364,13,10,1,7,11
3032,375,15,3,1,7,11
3036,528,14,5,1,16,16
3038,450,8,18,1,0,8
3039,540,14,5,1,6,10
3040,528,8,15,1,1,6
3043,198,12,8,1,5,8
3047,400,12,6,1,2,3
3050,240,9,15,1,3,5
3059,445,12,6,1,9,7
3060,250,10,10,1,3,4
3061,475,12,8,1,10,12
3062,400,16,6,1,16,16
3063,398,18,0,1,16,16
3064,350,12,7,1,3,5
3066,270,10,15,1,4,8
3074,900,12,6,1,18,12
3077,750,13,7,0,12,12
3081,278,12,6,0,12,12
3082,500,13,10,0,13,10
3084,700,8,16,0,5,8
3085,300,9,11,0,5,8
3086,392,8,20,0,5,8
3088,511,12,16,0,5,12
3089,624,16,9,0,8,11
3104,385,14,11,0,12,12
3109,495,12,14,0,8,8
3110,828,16,5,0,8,10
3112,267,15,6,0,10,12
3114,440,12,16,0,5,8
3117,301,10,8,0,2,8
3118,658,12,16,0,8,12
3119,514,15,3,0,7,10
3122,230,12,8,0,10,7
3127,305,12,6,0,8,9
3128,430,8,17,0,0,0
3129,260,8,10,0,0,0
3130,577,16,2,0,12,12
3132,425,11,12,0,4,2
3133,315,12,7,0,4,2
3134,375,13,10,0,7,10
3135,500,9,18,0,1,2
3136,500,12,7,0,1,6
3137,350,12,14,0,3,1
3138,525,10,13,0,3,1
3139,500,17,3,0,13,12
3140,385,16,3,0,13,12
3142,100,9,10,1,12,8
3143,300,15,5,1,6,7
3144,188,12,6,1,6,7
3147,267,12,7,1,4,4
3149,267,12,10,1,6,7
3150,586,12,16,1,8,8
3157,545,16,6,1,14,12
3158,562,14,5,1,14,12
3159,577,12,8,1,12,12
3163,890,15,5,1,10,12
3168,416,13,7,1,6,12
3182,742,16,7,0,12,12
3185,225,11,10,0,2,5
3188,550,12,11,0,11,10
3192,801,16,5,0,10,12
3195,330,14,10,1,12,12
3196,684,16,12,1,4,12
3197,1000,15,8,1,18,12
3201,950,14,5,1,6,10
3202,1142,18,6,1,14,12
3204,448,12,7,1,7,12
3206,361,16,5,1,12,12
3207,535,13,5,1,12,12
3210,616,17,2,1,6,8
3211,490,14,4,1,17,14
3212,415,12,8,1,8,9
3220,500,13,9,0,9,6
3221,1155,18,4,0,10,10
3222,525,12,14,0,8,7
3225,308,9,11,0,8,12
3226,625,8,15,0,8,12
3227,350,13,5,0,8,7
3228,673,16,8,0,7,11
3232,351,12,10,0,6,7
3233,723,12,10,0,5,9
3234,569,15,6,0,9,12
3235,240,11,8,0,6,12
3236,450,8,18,0,7,4
3237,338,11,16,0,3,3
3238,288,10,13,0,0,7
3242,413,17,1,1,12,12
3244,848,12,11,1,8,12
3245,874,16,10,1,7,16
3252,289,16,4,1,9,12
3256,298,9,14,1,6,14
3257,361,5,21,1,2,5
3265,839,16,8,1,12,12
3266,577,16,9,1,8,14
3267,225,10,11,1,5,5
3268,235,12,7,1,5,5
3269,250,12,8,1,2,8
3272,196,12,10,1,4,1
3274,475,12,14,1,0,4
3277,500,11,9,1,7,4
3280,945,16,3,1,16,12
3281,291,13,5,1,8,16
3282,520,16,5,1,8,10
3283,474,15,7,1,5,11
3284,296,8,18,1,8,6
3289,316,12,14,1,8,8
3290,375,12,10,1,8,6
3291,550,13,6,1,8,8
3293,475,16,5,1,12,12
3294,393,16,5,1,11,12
3298,750,11,7,1,12,10
3302,492,13,9,1,3,3
3305,500,12,10,1,8,8
3310,268,11,7,1,1,3
3318,1012,18,5,1,11,12
3319,833,17,5,1,11,12
3320,313,16,2,1,11,12
3322,962,14,12,1,12,12
3323,346,9,14,1,7,5
3328,500,14,4,1,10,8
3329,346,12,7,1,6,9
3330,319,9,19,1,12,6
3333,400,11,9,1,12,6
3338,548,13,8,1,9,8
3341,418,12,8,1,7,7
3342,527,13,10,1,11,10
3345,865,10,17,1,8,12
3348,335,11,12,1,8,8
3352,855,17,4,1,16,12
3353,316,12,6,1,6,9
3355,831,18,9,1,18,17
3356,875,16,9,1,18,17
3357,1374,14,13,1,4,8
3360,684,18,10,1,12,17
3362,913,13,13,1,12,12
3370,300,15,6,1,15,12
3371,693,16,4,1,14,16
3375,452,15,5,0,15,12
3379,388,12,10,0,11,12
3381,492,18,3,0,13,16
3388,577,14,6,1,12,12
3389,375,12,6,1,12,12
3396,709,16,4,1,10,11
3398,511,14,6,1,3,9
3400,625,12,16,1,4,1
3402,460,14,5,1,11,10
3403,625,14,13,1,9,7
3413,520,12,11,1,4,3
3414,750,13,8,1,10,7
3415,490,12,7,1,4,3
3423,425,18,7,1,11,12
3426,745,13,7,0,12,12
3427,400,12,6,0,12,12
3428,320,12,10,0,16,16
3429,606,17,6,0,16,14
3433,563,11,7,0,11,4
3435,325,12,9,0,2,6
3437,821,13,10,0,12,12
3439,374,12,8,0,12,12
3440,300,12,14,0,12,12
3441,619,12,11,1,9,12
3443,585,12,13,1,6,6
3449,533,12,6,1,12,12
3455,617,13,6,1,12,9
3456,602,12,6,1,4,9
3458,550,16,4,1,3,7
3459,686,16,3,1,3,7
3461,625,10,14,1,3,8
3465,462,11,10,1,7,7
3467,500,10,15,1,10,6
3470,275,10,16,1,12,12
3474,577,13,8,1,6,8
3475,375,12,9,1,6,8
3476,304,12,8,1,6,8
3480,635,12,7,1,12,12
3482,711,18,1,1,10,10
3488,475,15,4,1,7,8
3490,635,14,7,1,5,11
3499,393,10,18,0,6,12
3500,577,16,4,0,6,12
3501,188,11,9,0,2,8
3504,770,17,7,0,18,17
3511,695,12,16,0,7,8
3513,509,12,6,0,12,9
3515,275,7,17,0,5,8
3520,600,12,12,0,8,10
3522,230,14,4,1,4,1
3523,507,11,9,1,10,0
3526,606,12,8,1,9,9
3527,813,12,6,1,9,9
3528,285,10,9,1,8,12
3530,1068,16,9,1,14,16
3533,1635,14,12,1,12,8
3534,860,16,8,1,14,4
3536,750,15,4,1,16,16
3538,1106,12,15,1,16,10
3539,291,17,7,1,7,11
3540,332,12,8,1,6,11
3544,417,13,7,1,10,12
3545,625,13,11,1,8,8
3549,462,12,9,1,4,8
3551,520,18,6,1,8,12
3556,150,14,8,1,6,8
3557,400,14,5,1,6,8
3564,538,18,10,1,13,14
3565,801,17,5,1,18,16
3566,500,17,1,1,18,16
3568,894,13,10,1,12,12
3569,625,14,7,1,12,12
3570,323,14,8,1,12,12
3571,577,12,14,1,8,8
3572,427,12,7,1,12,12
3574,241,10,15,1,8,12
3576,758,17,5,1,9,13
3578,1979,16,10,1,8,9
3581,491,16,4,1,12,16
3582,565,16,2,1,12,16
3586,340,10,14,1,11,12
3589,1097,13,5,1,12,12
3590,413,11,7,1,17,12
3595,500,12,7,1,8,11
3596,589,15,4,1,12,12
3597,625,13,9,1,12,12
3599,390,10,9,1,7,9
3603,443,14,11,1,8,12
3607,778,16,5,1,12,13
3614,442,17,2,1,10,12
3623,673,12,10,1,12,11
3624,280,10,11,1,12,11
3625,350,10,8,1,12,10
3627,2003,18,6,1,12,12
3633,880,15,11,1,12,12
3634,550,12,8,1,12,12
3636,610,14,8,1,7,7
3637,577,13,6,1,12,12
3646,824,16,7,1,8,12
3649,750,18,3,1,5,3
3651,692,18,8,1,14,14
3658,865,17,8,1,16,16
3667,673,14,12,1,12,8
3669,515,14,5,1,12,12
3670,712,16,9,1,16,12
3672,885,14,5,1,12,12
3673,693,14,7,1,9,12
3674,851,12,16,1,12,12
3675,738,12,11,1,10,10
3676,481,14,5,1,10,10
3678,795,16,8,1,16,16
3679,579,13,13,1,8,12
3682,869,12,16,1,12,12
3684,577,16,5,1,12,13
3685,1385,17,10,1,14,12
3690,675,12,12,1,8,8
3694,462,18,8,1,13,12
3707,657,12,15,1,12,12
3708,1200,15,6,1,13,12
3709,770,13,14,1,0,5
3713,343,12,6,1,0,4
3715,2115,12,16,1,2,0
3719,595,10,12,1,8,12
3722,833,15,11,1,12,12
3727,167,12,13,1,12,12
3728,467,14,7,1,8,12
3729,643,18,3,1,13,13
3730,600,13,15,1,10,12
3731,400,12,6,1,13,10
3732,1000,13,5,1,12,12
3733,666,14,8,1,8,12
3739,553,16,2,1,8,11
3744,785,14,8,1,10,12
3746,667,15,7,1,13,12
3747,300,10,9,1,8,8
3750,697,16,8,1,14,12
3752,438,14,13,1,12,12
3754,685,13,6,1,9,11
3756,414,14,6,1,7,6
3757,751,12,7,1,11,14
3758,231,13,7,1,16,16
3762,505,16,7,1,17,14
3763,600,16,8,1,15,12
3764,1309,18,9,1,18,15
3766,627,15,11,1,13,11
3767,1050,16,11,1,3,8
3770,983,18,8,1,12,16
3773,1282,18,10,1,16,13
3774,818,12,8,1,12,12
3775,500,17,1,1,16,16
3777,720,12,14,1,12,8
3778,538,12,11,1,7,12
3779,938,17,11,1,8,12
3782,300,11,8,1,8,9
3783,781,11,15,1,2,1
3784,650,8,20,1,3,2
3785,996,18,5,1,12,12
3786,582,17,5,1,12,12
3787,231,16,4,1,12,12
3788,539,16,3,1,12,12
3792,628,15,13,1,8,8
3794,231,16,5,1,12,12
3795,716,18,5,1,12,12
3798,286,13,5,1,12,12
3799,500,15,5,1,12,12
3804,200,11,8,1,10,10
3809,1106,16,11,1,12,9
3810,583,12,11,1,11,11
3812,404,16,8,1,8,12
3815,277,16,5,1,10,12
3816,962,17,2,1,12,11
3817,692,15,9,1,12,12
3818,563,12,10,1,8,12
3821,1336,8,19,1,3,5
3822,673,14,11,1,12,12
3824,260,16,10,1,8,4
3825,575,15,7,1,8,4
3828,626,13,5,1,2,8
3830,1443,12,14,1,12,12
3831,336,14,8,1,6,11
3832,577,12,9,1,6,11
3836,480,13,5,1,8,12
3837,250,15,7,1,16,0
3840,479,11,7,1,12,9
3843,1090,18,9,1,13,12
3845,462,18,2,1,12,12
3847,817,16,3,1,5,8
3849,361,14,8,1,17,4
3852,320,12,9,1,12,12
3855,347,16,10,1,7,12
3858,282,10,10,0,2,2
3859,699,12,6,0,17,14
3860,615,12,6,0,11,10
3863,433,11,8,0,8,12
3865,534,16,3,1,12,12
3867,625,16,4,1,12,12
3869,577,18,2,1,10,12
3870,843,12,6,1,10,12
3874,404,16,4,1,12,12
3880,1014,18,7,1,18,12
3883,325,16,7,1,8,4
3885,771,15,9,1,12,8
3887,700,14,4,1,12,13
3889,548,17,1,1,13,7
3890,625,16,4,1,0,5
3891,911,16,6,1,12,7
3895,745,12,15,1,16,16
3896,674,12,6,1,12,12
3897,817,16,6,0,12,12
3900,727,15,6,1,8,9
3902,666,12,6,1,8,9
3906,560,14,6,1,16,13
3908,500,16,6,1,13,14
3915,962,12,16,1,9,9
3927,962,16,11,1,12,12
3928,615,17,10,1,12,14
3929,1154,13,13,1,12,10
3931,675,13,10,1,14,8
3934,1063,12,7,1,12,12
3939,1175,18,9,1,15,14
3943,423,18,9,1,12,12
3945,1200,12,11,1,8,12
3946,1029,14,14,1,15,10
3953,801,15,10,1,12,12
3955,350,9,16,1,8,11
3958,450,14,14,1,12,10
3961,600,14,4,1,12,9
3963,855,12,15,1,7,12
3967,728,14,6,1,14,8
3968,693,12,16,1,12,11
3969,1025,10,11,1,12,12
3973,1154,14,8,1,8,8
3974,983,16,10,1,15,18
3975,727,15,13,1,3,0
3978,535,14,14,1,10,11
3979,532,12,7,1,11,11
3982,289,13,7,1,10,11
3983,313,17,3,1,12,12
3984,404,13,5,1,13,16
3986,1100,18,6,1,12,12
3987,660,12,9,1,2,2
3988,433,12,14,1,12,12
3989,400,17,4,1,18,16
3993,263,15,5,1,18,13
3994,400,13,15,1,12,12
3997,577,16,12,1,15,18
3998,433,12,6,1,13,13
4000,470,17,2,1,18,12
4001,255,17,2,1,12,14
4002,625,12,8,1,12,12
4007,1049,12,12,1,12,12
4013,769,15,12,1,16,12
4018,650,15,3,1,15,12
4019,479,16,4,1,13,18
4027,341,16,2,0,16,13
4029,906,14,12,0,10,12
4031,351,12,15,0,7,8
4033,775,12,11,0,8,9
4034,700,12,8,0,8,9
4036,592,16,4,0,12,12
4037,740,12,6,0,8,11
4039,533,12,9,0,10,8
4040,417,16,3,0,18,13
4041,1394,18,10,0,12,12
4043,548,12,16,0,8,10
4044,657,11,7,1,11,12
4046,572,12,7,1,10,12
4048,442,16,9,1,15,12
4050,577,15,6,1,12,12
4051,540,13,8,1,12,12
4052,841,15,9,1,9,12
4063,557,13,7,0,6,11
4066,510,15,3,0,10,14
4067,577,12,13,0,8,12
4074,511,12,11,0,2,6
4078,311,15,4,1,9,7
4079,577,12,16,1,8,8
4082,631,12,9,1,12,16
4083,666,16,3,1,12,16
4087,400,14,7,1,12,12
4089,220,11,7,1,10,16
4094,647,16,5,1,14,16
4095,345,15,7,1,10,12
4096,840,16,3,1,11,14
4097,625,15,4,1,18,12
4101,919,16,9,1,8,6
4105,730,12,13,1,2,8
4107,448,12,6,1,10,10
4109,483,14,9,1,12,12
4111,411,12,7,1,11,10
4112,885,14,10,1,13,12
4116,350,14,7,0,10,12
4120,500,17,4,0,12,16
4123,733,15,12,0,16,16
4124,459,13,11,0,12,12
4125,721,16,6,0,12,12
4126,699,15,11,0,8,8
4127,785,14,10,0,9,15
4128,925,16,7,0,12,13
4129,449,14,6,0,12,13
4130,325,15,3,0,14,14
4131,683,13,13,0,13,12
4132,522,16,10,0,18,14
4133,470,18,4,0,18,14
4134,541,12,16,0,8,7
4135,852,14,9,0,13,12
4136,400,12,12,0,9,12
4138,577,16,10,0,12,14
4139,300,11,7,0,13,13
4142,721,12,14,0,6,7
4146,673,17,8,0,12,11
4148,739,17,4,0,14,12
4156,875,17,4,0,8,14
4157,900,12,15,0,8,12
4162,801,13,12,0,13,12
4163,550,13,7,0,8,12
4164,575,10,18,0,8,9
4165,540,12,9,0,12,12
4167,790,16,10,0,13,13
4168,693,14,8,0,12,10
4169,250,16,4,0,12,10
4170,417,17,1,0,14,13
4171,635,9,17,0,3,4
4187,567,17,3,0,18,14
4189,641,16,10,0,7,12
4195,413,12,13,0,12,12
4198,531,14,13,0,12,10
4199,635,16,7,0,12,10
4200,144,14,7,0,18,12
4201,550,14,11,0,17,13
4205,486,12,14,0,7,8
4207,598,17,8,0,9,14
4214,625,12,7,0,8,11
4216,800,16,5,0,8,12
4217,812,16,5,0,8,9
4218,433,17,3,0,8,8
4221,751,17,5,0,8,8
4224,294,14,6,0,10,12
4228,427,12,7,1,12,12
4232,284,16,3,1,12,12
4233,542,14,7,1,13,14
4238,480,12,7,1,12,12
4239,378,16,4,1,13,14
4243,723,12,15,1,12,8
4244,220,12,7,1,14,14
4248,1202,13,7,1,10,10
4249,400,13,5,1,12,12
4250,601,16,7,1,12,12
4254,481,12,11,1,12,8
4255,700,16,11,1,7,12
4256,769,12,9,1,10,9
4257,529,14,5,1,10,9
4260,450,16,8,1,12,9
4263,649,13,13,1,7,0
4265,470,8,18,1,9,12
4268,275,16,2,1,14,12
4269,719,16,11,1,10,8
4274,673,16,12,1,6,10
4275,350,18,0,0,15,12
4276,769,14,8,0,5,9
4278,650,12,8,0,0,6
4282,401,12,10,0,7,6
4283,425,11,8,0,7,6
4284,287,9,10,0,7,6
4285,309,13,7,0,6,12
4286,578,14,4,0,6,12
4288,438,16,8,0,7,8
4289,450,12,13,0,8,12
4294,529,16,5,0,8,9
4302,145,11,7,0,5,11
4307,385,16,3,0,12,12
4308,817,17,11,0,13,12
4309,962,16,8,0,13,12
4310,408,13,9,0,14,12
4311,526,16,3,0,14,12
4312,578,13,5,0,14,10
4313,620,14,8,0,6,10
4317,230,12,7,1,7,12
4318,580,11,13,1,2,5
4319,1155,18,8,1,6,12
4322,616,16,5,1,10,12
4324,450,12,10,1,10,8
4325,425,12,7,1,10,8
4326,500,12,10,1,8,2
4328,713,12,7,1,12,12
4329,750,12,7,1,4,12
4330,323,15,3,1,4,12
4333,1038,13,9,1,8,12
4334,491,16,3,1,16,15
4335,525,13,10,1,10,12
4337,388,11,12,1,5,5
4338,460,10,10,1,12,2
4342,400,15,3,1,5,8
4343,737,15,6,1,9,16
4345,599,14,6,1,6,10
4351,1131,18,9,0,18,18
4364,400,16,4,1,12,12
4368,290,12,7,1,6,5
4373,656,12,6,1,12,9
4374,711,12,14,1,9,12
4375,481,14,9,1,8,12
4376,641,16,3,1,8,12
4377,596,12,14,1,12,14
4383,1538,16,10,0,11,14
4384,860,12,15,0,9,12
4385,534,18,8,0,12,16
4386,308,12,9,0,12,12
4392,540,13,10,0,10,10
4396,344,13,8,0,12,10
4397,500,12,7,0,12,10
4398,320,11,9,0,6,9
4400,378,18,3,0,4,10
4401,188,15,4,0,4,10
4404,168,9,18,0,4,10
4406,190,3,15,0,6,5
4407,1000,12,10,0,8,8
4411,538,12,6,0,12,10
4413,355,13,7,0,9,8
4417,418,12,6,0,9,12
4418,1026,13,8,1,14,13
4419,295,17,9,1,12,14
4424,350,5,19,1,2,3
4425,711,12,9,1,8,12
4428,229,12,11,1,4,4
4429,220,12,9,1,4,3
4431,310,12,11,1,8,2
4434,303,12,9,1,10,9
4437,450,13,7,1,5,12
4438,753,12,11,1,9,11
4440,438,12,8,1,4,11
4442,325,11,11,1,1,7
4445,313,14,6,1,12,14
4446,479,13,15,1,7,12
4448,429,12,13,1,10,9
4449,490,14,9,1,11,9
4450,361,12,6,1,11,9
4451,400,14,13,1,0,2
4454,423,12,6,1,7,8
4458,311,12,9,1,5,5
4459,271,11,10,1,3,7
4461,385,18,2,1,12,12
4462,529,16,2,1,12,12
4464,700,11,14,1,6,10
4467,381,10,16,1,6,5
4470,465,12,10,1,12,12
4471,400,10,18,1,8,8
4473,455,10,17,1,9,8
4477,705,13,9,0,0,7
4495,288,12,10,0,9,10
4497,550,13,9,0,3,8
4500,429,12,15,0,12,12
4503,577,9,15,0,5,4
4508,438,12,9,0,5,5
4512,650,16,3,0,12,16
4514,423,11,9,0,7,3
4516,420,13,8,0,18,8
4517,200,14,5,0,18,8
4518,400,8,12,0,3,10
4520,714,12,12,0,5,7
4521,398,12,7,0,12,8
4522,398,9,14,0,6,8
4523,734,16,6,0,5,0
4525,688,12,7,0,12,12
4530,212,6,16,0,3,11
4534,350,15,3,0,17,12
4538,699,16,9,0,10,14
4539,375,16,5,0,14,12
4540,375,13,5,0,14,12
4541,364,12,15,0,10,9
4543,220,12,11,0,11,4
4548,621,16,9,0,0,0
4552,341,16,4,0,12,10
4553,380,16,2,0,12,10
4558,433,11,9,0,8,9
4564,513,14,6,0,12,12
4565,288,15,10,0,8,9
4567,866,18,6,0,8,13
4568,433,12,7,0,7,8
4569,500,1,22,0,0,3
4572,548,16,2,0,12,12
4573,400,12,11,0,4,6
4579,375,13,5,0,16,13
4580,547,12,14,0,12,12
4584,375,12,6,0,12,12
4586,500,14,5,0,10,12
4587,355,16,2,0,18,15
4589,600,12,11,0,9,12
4590,650,12,16,0,2,3
4591,848,12,14,0,8,8
4592,325,12,9,0,10,9
4594,457,14,4,1,5,5
4596,711,14,9,1,12,12
4601,413,13,15,1,11,12
4607,721,16,6,1,10,12
4609,913,12,14,1,12,9
4610,375,13,7,1,8,5
4611,592,18,3,1,12,12
4617,500,12,8,0,4,9
4622,275,11,8,0,11,10
4623,260,10,8,0,11,10
4624,962,16,6,0,12,16
4635,463,11,9,0,9,9
4637,396,12,6,0,4,5
4644,462,12,15,0,7,7
4656,266,13,6,0,10,12
4659,350,9,15,0,7,10
4661,625,13,6,0,3,7
4663,688,12,10,0,9,12
4664,275,8,18,0,5,12
4666,457,10,16,0,6,10
4682,515,9,14,0,6,4
4683,471,8,11,0,6,4
4686,481,12,10,0,6,10
4687,642,12,8,0,6,10
4688,573,10,9,0,7,10
4693,360,11,13,0,0,8
4697,400,13,7,0,10,4
4699,580,10,18,0,10,12
4700,321,14,4,0,8,12
4712,419,12,7,0,9,2
4715,553,16,7,0,10,12
4716,721,18,7,0,8,9
4721,729,13,6,0,8,12
4722,314,12,7,0,5,8
4723,220,9,12,0,9,3
4733,333,11,13,1,9,7
4734,380,12,10,1,9,7
4735,390,12,8,1,9,7
4738,673,17,4,1,6,11
4739,483,16,4,1,7,10
4740,769,16,3,1,7,10
4743,325,4,15,1,0,4
4748,350,14,4,1,16,10
4749,375,12,8,1,3,6
4752,300,5,16,1,1,1
4756,475,16,3,1,7,10
4760,265,11,12,1,7,6
4761,260,12,9,1,7,6
4763,318,9,9,1,0,7
4764,626,12,8,0,12,11
4765,400,11,8,0,14,9
4766,378,14,4,0,11,10
4768,803,16,7,0,18,12
4769,447,16,3,0,18,12
4771,319,15,7,0,12,9
4773,438,9,12,0,2,2
4774,417,10,8,0,2,2
4775,375,10,9,0,5,11
4776,616,16,8,0,12,12
4777,354,12,10,0,13,12
4778,425,18,4,0,18,12
4779,265,12,8,0,18,12
4784,426,14,4,0,13,13
4786,250,12,7,0,13,10
4787,560,17,2,0,12,12
4789,289,12,11,0,7,7
4790,393,16,4,0,7,7
4791,577,12,8,0,6,7
4793,346,17,9,0,12,11
4794,1282,16,6,0,12,12
4795,865,17,5,1,12,16
4796,413,14,4,1,12,16
4803,404,14,7,1,4,7
4804,721,12,13,1,3,7
4805,577,12,12,1,3,8
4806,500,12,8,1,6,8
4808,250,12,11,1,7,6
4810,155,12,8,1,7,7
4811,406,12,9,1,6,7
4821,500,10,18,0,7,12
4822,846,16,8,0,12,11
4823,577,12,11,0,9,12
4824,400,16,6,0,10,12
4827,741,11,17,0,8,12
4831,350,14,5,0,12,12
4832,438,12,8,0,12,14
4833,727,13,6,0,16,15
4834,970,11,8,0,4,6
4837,751,16,8,0,12,12
4838,577,18,6,0,18,14
4840,404,16,8,0,12,12
4841,616,12,12,0,12,12
4842,230,16,3,0,8,6
4843,142,12,6,0,8,6
4844,385,18,6,0,9,12
4845,385,12,9,0,13,6
4851,650,12,9,0,3,6
4857,672,15,9,0,12,12
4860,354,18,3,0,3,11
4861,250,13,7,0,2,11
4868,250,11,9,0,6,11
4870,625,12,10,0,7,10
4871,500,10,10,0,9,12
4872,331,12,9,0,5,7
4873,585,12,10,0,10,10
4879,738,16,10,0,8,12
4881,641,13,7,0,6,7
4882,325,5,21,0,0,7
4886,300,6,20,0,0,7
4892,375,9,12,0,6,8
4894,230,10,8,0,6,8
4895,535,13,14,0,2,5
4896,422,7,18,0,2,5
4899,300,9,12,0,8,7
4902,558,12,10,0,9,12
4903,470,16,6,0,8,5
4905,486,12,16,0,3,5
4910,200,10,8,0,1,4
4912,448,12,15,0,2,2
4923,675,12,8,0,6,7
4924,260,7,18,0,1,3
4928,1215,16,5,0,14,13
4929,577,17,5,0,12,12
4934,275,8,10,0,4,8
4938,225,9,17,0,5,5
4940,275,7,12,0,3,4
4943,356,9,15,0,7,8
4944,885,12,7,0,7,12
4945,192,16,2,0,7,12
4949,400,12,8,0,12,11
4950,353,12,8,0,10,9
4952,300,13,10,0,12,14
4953,416,15,4,0,9,11
4957,973,13,10,0,3,8
4961,274,8,17,0,3,6
4965,435,13,7,0,6,8
4969,230,6,17,0,1,5
4972,270,10,17,0,8,8
4973,176,8,12,0,4,8
4974,250,12,7,0,4,8
4976,438,12,7,0,8,16
4979,740,16,7,0,8,12
4983,245,12,6,0,4,7
4984,230,12,8,0,2,8
4986,273,15,8,0,5,12
4988,289,16,3,0,8,12
4994,572,9,9,0,5,5
4995,625,17,7,0,8,8
4997,250,9,11,0,8,8
4999,100,14,14,0,4,12
5013,573,18,9,0,7,7
5018,288,12,7,0,10,6
5021,389,12,16,0,7,12
5022,1106,16,10,0,14,12
5024,245,16,2,0,9,10
5030,357,8,20,0,7,8
5031,400,12,12,0,6,6
5033,300,10,9,0,12,9
5036,553,16,5,0,15,15
5037,300,8,17,0,4,10
5040,409,12,7,0,7,9
5046,250,14,4,0,14,14
5051,280,16,2,0,12,12
5052,523,13,5,0,12,10
5053,513,16,4,0,12,12
5054,691,14,11,0,8,14
5055,425,16,5,0,12,12
5056,361,13,5,0,16,12
5058,542,12,6,0,5,12
5059,769,12,14,0,6,12
5061,591,17,2,0,12,10
5062,419,16,3,0,14,13
5064,375,16,4,0,12,12
5068,369,17,3,0,12,2
5069,438,11,9,0,8,8
5071,619,17,6,0,8,13
5073,635,16,11,0,13,12
5074,500,12,8,0,10,11
5075,875,12,14,0,10,11
5076,635,17,11,0,10,14
5078,313,14,4,0,18,12
5081,350,15,3,0,16,12
5082,857,9,9,0,7,11
5091,462,18,9,0,6,10
5092,577,16,7,0,3,7
5098,962,17,5,0,13,12
5099,743,16,4,0,13,12
5102,476,11,10,0,7,8
5103,123,9,10,0,7,8
5104,794,11,15,0,3,0
5106,200,10,9,0,12,5
5107,462,14,12,0,8,8
5108,225,10,13,0,16,5
5123,200,10,9,0,2,8
5124,539,16,7,0,11,16
5126,354,16,6,0,12,12
5131,250,11,11,0,12,15
5139,693,16,6,0,9,12
5140,420,12,10,0,8,12
5142,366,12,15,0,16,16
5143,351,11,7,0,4,7
5144,913,16,9,0,8,8
5145,900,13,9,0,9,16
5146,300,7,13,0,2,7
5153,463,9,14,0,5,5
5161,315,15,3,0,8,8
5162,625,16,8,0,5,8
5168,300,12,8,0,0,7
5171,364,12,8,0,8,10
5174,589,15,7,0,3,8
5176,265,10,15,0,0,2
5177,300,9,10,0,0,2
5186,263,12,9,0,7,7
5187,432,14,7,0,5,12
5196,829,14,14,0,8,8
5199,513,16,8,1,16,16
5200,529,13,11,1,4,9
5206,500,13,8,1,6,8
5210,712,15,8,1,16,18
5211,472,16,5,1,16,18
5218,335,12,7,1,8,12
